events_per_sec,exec_ratio,unique_comms,max_files_per_proc,max_chain_depth,session,label
29.4,0.04081632653061224,4.0,48.0,13.0,anomaly_deep_chain_20260802_144425,anomaly
6.3,0.0,3.0,48.0,2.0,anomaly_deep_chain_20260802_144425,anomaly
5.2,0.0,4.0,48.0,2.0,anomaly_deep_chain_20260802_144425,anomaly
5.6,0.0,4.0,48.0,3.0,anomaly_deep_chain_20260802_144425,anomaly
5.8,0.0,4.0,48.0,3.0,anomaly_deep_chain_20260802_144425,anomaly
5.5,0.0,3.0,48.0,2.0,anomaly_deep_chain_20260802_144425,anomaly
4.9,0.0,2.0,48.0,2.0,anomaly_deep_chain_20260802_144425,anomaly
6.4,0.0,4.0,48.0,3.0,anomaly_deep_chain_20260802_144425,anomaly
5.1,0.0,3.0,48.0,2.0,anomaly_deep_chain_20260802_144425,anomaly
5.6,0.0,4.0,48.0,3.0,anomaly_deep_chain_20260802_144425,anomaly
6.0,0.0,4.0,48.0,3.0,anomaly_deep_chain_20260802_144425,anomaly
5.5,0.0,3.0,48.0,2.0,anomaly_deep_chain_20260802_144425,anomaly
2102.4,0.2599410197869102,14.0,353.0,4.0,anomaly_mass_file_scan_20260802_141652,anomaly
4136.7,0.26446201078154086,5.0,276.0,3.0,anomaly_mass_file_scan_20260802_141652,anomaly
4156.6,0.2623297887696675,7.0,625.0,3.0,anomaly_mass_file_scan_20260802_141652,anomaly
4106.0,0.26419873356064294,5.0,326.0,3.0,anomaly_mass_file_scan_20260802_141652,anomaly
4025.0,0.2662360248447205,5.0,48.0,2.0,anomaly_mass_file_scan_20260802_141652,anomaly
3957.3,0.26634321380739395,4.0,48.0,2.0,anomaly_mass_file_scan_20260802_141652,anomaly
4001.1,0.26492714503511533,6.0,203.0,3.0,anomaly_mass_file_scan_20260802_141652,anomaly
3863.1,0.2662110740079211,6.0,48.0,3.0,anomaly_mass_file_scan_20260802_141652,anomaly
3583.5,0.2622296637365704,8.0,538.0,3.0,anomaly_mass_file_scan_20260802_141652,anomaly
5.2,0.0,2.0,48.0,2.0,anomaly_mass_file_scan_20260802_141652,anomaly
8.8,0.0,7.0,48.0,3.0,anomaly_mass_file_scan_20260802_141652,anomaly
7.9,0.0,5.0,48.0,3.0,anomaly_mass_file_scan_20260802_141652,anomaly
769.0,0.13094928478543563,14.0,49.0,3.0,anomaly_rapid_spawn_20260802_141032,anomaly
5.1,0.0,2.0,48.0,2.0,anomaly_rapid_spawn_20260802_141032,anomaly
6.0,0.0,6.0,48.0,3.0,anomaly_rapid_spawn_20260802_141032,anomaly
5.8,0.0,3.0,48.0,2.0,anomaly_rapid_spawn_20260802_141032,anomaly
5.7,0.0,4.0,48.0,3.0,anomaly_rapid_spawn_20260802_141032,anomaly
5.1,0.0,3.0,48.0,3.0,anomaly_rapid_spawn_20260802_141032,anomaly
6.4,0.0,3.0,48.0,2.0,anomaly_rapid_spawn_20260802_141032,anomaly
5.0,0.0,2.0,48.0,2.0,anomaly_rapid_spawn_20260802_141032,anomaly
5.9,0.0,5.0,48.0,3.0,anomaly_rapid_spawn_20260802_141032,anomaly
6.1,0.0,4.0,48.0,3.0,anomaly_rapid_spawn_20260802_141032,anomaly
6.1,0.0,4.0,48.0,3.0,anomaly_rapid_spawn_20260802_141032,anomaly
6.7,0.0,3.0,48.0,2.0,anomaly_rapid_spawn_20260802_141032,anomaly
7.6,0.0,7.0,48.0,3.0,baseline_admin_20260801_193937,baseline
910.6,0.026905337140347024,36.0,2346.0,6.0,baseline_admin_20260801_193937,baseline
121.9,0.019688269073010665,28.0,175.0,5.0,baseline_admin_20260801_193937,baseline
76.7,0.01955671447196871,20.0,225.0,5.0,baseline_admin_20260801_193937,baseline
84.7,0.0295159386068477,17.0,225.0,5.0,baseline_admin_20260801_193937,baseline
6.5,0.0,5.0,48.0,3.0,baseline_admin_20260801_193937,baseline
13.0,0.038461538461538464,10.0,48.0,3.0,baseline_admin_20260801_193937,baseline
6.0,0.0,4.0,48.0,3.0,baseline_admin_20260801_193937,baseline
9.5,0.0,7.0,48.0,3.0,baseline_admin_20260801_193937,baseline
9.6,0.010416666666666666,10.0,48.0,5.0,baseline_admin_20260801_193937,baseline
94.5,0.005291005291005291,10.0,825.0,3.0,baseline_admin_20260801_193937,baseline
54.4,0.016544117647058824,18.0,322.0,5.0,baseline_admin_20260801_193937,baseline
6.7,0.0,6.0,48.0,3.0,baseline_admin_20260801_193937,baseline
109.4,0.0018281535648994515,8.0,1014.0,5.0,baseline_admin_20260801_193937,baseline
212.0,0.0018867924528301887,7.0,1014.0,5.0,baseline_admin_20260801_193937,baseline
13.5,0.0,8.0,52.0,3.0,baseline_admin_20260801_193937,baseline
20.1,0.05970149253731343,11.0,48.0,3.0,baseline_admin_20260801_193937,baseline
57.8,0.010380622837370242,12.0,385.0,3.0,baseline_admin_20260801_193937,baseline
6.0,0.0,5.0,48.0,3.0,baseline_admin_20260801_193937,baseline
5.9,0.0,8.0,48.0,3.0,baseline_admin_20260801_193937,baseline
13.4,0.03731343283582089,9.0,48.0,3.0,baseline_admin_20260801_193937,baseline
6.1,0.0,6.0,48.0,3.0,baseline_admin_20260801_193937,baseline
10.1,0.009900990099009901,12.0,48.0,5.0,baseline_admin_20260801_193937,baseline
7.5,0.0,6.0,48.0,3.0,baseline_admin_20260801_193937,baseline
17.1,0.03508771929824561,13.0,48.0,5.0,baseline_admin_20260801_193937,baseline
32.9,0.015197568389057751,12.0,225.0,4.0,baseline_admin_20260801_193937,baseline
6.6,0.0,4.0,48.0,3.0,baseline_admin_20260801_193937,baseline
5.2,0.0,3.0,48.0,3.0,baseline_admin_20260801_193937,baseline
5.9,0.0,5.0,48.0,3.0,baseline_admin_20260801_193937,baseline
6.3,0.0,6.0,48.0,3.0,baseline_admin_20260801_193937,baseline
14.1,0.03546099290780142,9.0,48.0,3.0,baseline_admin_20260801_193937,baseline
18.8,0.031914893617021274,13.0,51.0,5.0,baseline_admin_20260801_193937,baseline
14.5,0.006896551724137931,12.0,48.0,5.0,baseline_admin_20260801_193937,baseline
5.2,0.0,3.0,48.0,3.0,baseline_admin_20260801_193937,baseline
6.1,0.0,7.0,48.0,3.0,baseline_admin_20260801_193937,baseline
6.2,0.0,5.0,48.0,3.0,baseline_admin_20260801_193937,baseline
6.0,0.0,5.0,48.0,3.0,baseline_admin_20260801_193937,baseline
5.3,0.0,4.0,48.0,3.0,baseline_admin_20260801_193937,baseline
9.7,0.020618556701030927,8.0,48.0,3.0,baseline_admin_20260801_193937,baseline
8.5,0.023529411764705882,7.0,48.0,3.0,baseline_admin_20260801_193937,baseline
357.6,0.0002796420581655481,11.0,3333.0,3.0,baseline_admin_20260801_193937,baseline
443.8,0.0002253267237494367,9.0,4357.0,3.0,baseline_admin_20260801_193937,baseline
6.1,0.0,4.0,48.0,3.0,baseline_admin_20260801_193937,baseline
27.2,0.058823529411764705,10.0,62.0,4.0,baseline_admin_20260801_193937,baseline
28.0,0.05714285714285714,8.0,62.0,4.0,baseline_admin_20260801_193937,baseline
6.3,0.0,5.0,48.0,3.0,baseline_admin_20260801_193937,baseline
230.3,0.0008684324793747286,8.0,2225.0,3.0,baseline_admin_20260801_193937,baseline
6.4,0.0,7.0,48.0,3.0,baseline_admin_20260801_193937,baseline
6.0,0.0,5.0,48.0,3.0,baseline_admin_20260801_193937,baseline
25.3,0.03162055335968379,21.0,84.0,5.0,baseline_admin_20260801_193937,baseline
9.0,0.0,6.0,48.0,3.0,baseline_admin_20260801_193937,baseline
5.8,0.0,8.0,48.0,3.0,baseline_admin_20260801_193937,baseline
6.0,0.0,6.0,48.0,3.0,baseline_admin_20260801_193937,baseline
6.2,0.0,5.0,48.0,3.0,baseline_admin_20260801_193937,baseline
5.9,0.0,5.0,48.0,3.0,baseline_admin_20260801_193937,baseline
5.3,0.0,4.0,48.0,3.0,baseline_admin_20260801_193937,baseline
6.7,0.0,5.0,48.0,3.0,baseline_admin_20260801_193937,baseline
7.5,0.02666666666666667,6.0,48.0,3.0,baseline_admin_20260801_193937,baseline
6.1,0.0,6.0,48.0,3.0,baseline_admin_20260801_193937,baseline
6.3,0.0,6.0,48.0,3.0,baseline_admin_20260801_193937,baseline
1421.8,0.023491348994232664,54.0,7118.0,8.0,baseline_browsing_20260801_174650,baseline
333.2,0.0,18.0,1862.0,4.0,baseline_browsing_20260801_174650,baseline
289.8,0.0006901311249137336,19.0,1895.0,4.0,baseline_browsing_20260801_174650,baseline
96.4,0.0,14.0,611.0,5.0,baseline_browsing_20260801_174650,baseline
86.5,0.0,17.0,355.0,3.0,baseline_browsing_20260801_174650,baseline
104.7,0.0,11.0,797.0,3.0,baseline_browsing_20260801_174650,baseline
17614.6,5.109397885844697e-05,28.0,174929.0,5.0,baseline_browsing_20260801_174650,baseline
162.9,0.0,13.0,1366.0,3.0,baseline_browsing_20260801_174650,baseline
365.4,0.0002736726874657909,13.0,2087.0,6.0,baseline_browsing_20260801_174650,baseline
880.2,0.0,15.0,6698.0,3.0,baseline_browsing_20260801_174650,baseline
471.1,0.0,17.0,3312.0,3.0,baseline_browsing_20260801_174650,baseline
101.8,0.0,15.0,804.0,3.0,baseline_browsing_20260801_174650,baseline
244.4,0.0,12.0,1855.0,4.0,baseline_browsing_20260801_174650,baseline
141.5,0.0,12.0,878.0,4.0,baseline_browsing_20260801_174650,baseline
81.5,0.0,10.0,657.0,3.0,baseline_browsing_20260801_174650,baseline
143.0,0.0,13.0,971.0,3.0,baseline_browsing_20260801_174650,baseline
185.0,0.0,14.0,1416.0,4.0,baseline_browsing_20260801_174650,baseline
33.2,0.0,10.0,255.0,4.0,baseline_browsing_20260801_174650,baseline
87.3,0.0,14.0,485.0,3.0,baseline_browsing_20260801_174650,baseline
69.9,0.00715307582260372,17.0,182.0,3.0,baseline_browsing_20260801_174650,baseline
7.5,0.0,7.0,48.0,4.0,baseline_browsing_20260801_174650,baseline
16.9,0.0,11.0,72.0,4.0,baseline_browsing_20260801_174650,baseline
21.9,0.0,10.0,152.0,3.0,baseline_browsing_20260801_174650,baseline
19.8,0.0,9.0,122.0,4.0,baseline_browsing_20260801_174650,baseline
30.0,0.0,9.0,244.0,3.0,baseline_browsing_20260801_174650,baseline
18.1,0.0,9.0,101.0,3.0,baseline_browsing_20260801_174650,baseline
50.0,0.0,9.0,314.0,3.0,baseline_browsing_20260801_174650,baseline
191.5,0.0005221932114882506,14.0,1389.0,3.0,baseline_browsing_20260801_174650,baseline
331.6,0.0,11.0,1858.0,3.0,baseline_browsing_20260801_174650,baseline
655.5,0.0,13.0,3869.0,4.0,baseline_browsing_20260801_174650,baseline
76.4,0.0,12.0,551.0,3.0,baseline_browsing_20260801_174650,baseline
102.3,0.0009775171065493646,14.0,554.0,3.0,baseline_browsing_20260801_174650,baseline
667.7,0.0,12.0,4235.0,3.0,baseline_browsing_20260801_174650,baseline
781.8,0.0,19.0,5058.0,3.0,baseline_browsing_20260801_174650,baseline
379.8,0.0002632964718272775,17.0,2074.0,3.0,baseline_browsing_20260801_174650,baseline
187.4,0.0,12.0,1012.0,3.0,baseline_browsing_20260801_174650,baseline
386.4,0.0,15.0,2110.0,3.0,baseline_browsing_20260801_174650,baseline
171.4,0.0005834305717619603,14.0,758.0,3.0,baseline_browsing_20260801_174650,baseline
234.6,0.0,13.0,1406.0,3.0,baseline_browsing_20260801_174650,baseline
133.1,0.0,13.0,717.0,3.0,baseline_browsing_20260801_174650,baseline
235.0,0.0,16.0,1407.0,3.0,baseline_browsing_20260801_174650,baseline
29.7,0.0,9.0,131.0,3.0,baseline_browsing_20260801_174650,baseline
168.6,0.0,14.0,971.0,3.0,baseline_browsing_20260801_174650,baseline
109.7,0.0,10.0,612.0,3.0,baseline_browsing_20260801_174650,baseline
142.6,0.0007012622720897616,14.0,586.0,3.0,baseline_browsing_20260801_174650,baseline
256.2,0.0,17.0,1413.0,3.0,baseline_browsing_20260801_174650,baseline
41.0,0.0,13.0,182.0,3.0,baseline_browsing_20260801_174650,baseline
58.8,0.0,14.0,324.0,4.0,baseline_browsing_20260801_174650,baseline
269.6,0.0,15.0,1931.0,3.0,baseline_browsing_20260801_174650,baseline
103.0,0.0,12.0,838.0,3.0,baseline_browsing_20260801_174650,baseline
213.6,0.00046816479400749064,11.0,1058.0,3.0,baseline_browsing_20260801_174650,baseline
9.1,0.0,11.0,48.0,4.0,baseline_browsing_20260801_174650,baseline
9.1,0.0,10.0,48.0,4.0,baseline_browsing_20260801_174650,baseline
9.4,0.0,9.0,48.0,4.0,baseline_browsing_20260801_174650,baseline
45.2,0.0,13.0,282.0,4.0,baseline_browsing_20260801_174650,baseline
30.3,0.0,8.0,221.0,3.0,baseline_browsing_20260801_174650,baseline
11.4,0.0,10.0,48.0,4.0,baseline_browsing_20260801_174650,baseline
11.5,0.0,9.0,52.0,3.0,baseline_browsing_20260801_174650,baseline
14.2,0.0,9.0,76.0,4.0,baseline_browsing_20260801_174650,baseline
8.8,0.0,9.0,48.0,4.0,baseline_browsing_20260801_174650,baseline
26.2,0.0,11.0,202.0,4.0,baseline_browsing_20260801_174650,baseline
30.6,0.0,11.0,195.0,3.0,baseline_browsing_20260801_174650,baseline
21.1,0.0,9.0,136.0,6.0,baseline_browsing_20260801_174650,baseline
20.2,0.0,9.0,131.0,3.0,baseline_browsing_20260801_174650,baseline
7.7,0.0,8.0,48.0,4.0,baseline_browsing_20260801_174650,baseline
21.3,0.0,9.0,144.0,4.0,baseline_browsing_20260801_174650,baseline
9.9,0.0,9.0,48.0,3.0,baseline_browsing_20260801_174650,baseline
63.9,0.0,10.0,524.0,3.0,baseline_browsing_20260801_174650,baseline
205.1,0.00048756704046806434,11.0,1191.0,3.0,baseline_browsing_20260801_174650,baseline
38.1,0.0,12.0,259.0,4.0,baseline_browsing_20260801_174650,baseline
24.9,0.0,10.0,179.0,4.0,baseline_browsing_20260801_174650,baseline
67.1,0.0,11.0,532.0,3.0,baseline_browsing_20260801_174650,baseline
43.3,0.0,11.0,370.0,4.0,baseline_browsing_20260801_174650,baseline
168.1,0.000594883997620464,14.0,1105.0,3.0,baseline_browsing_20260801_174650,baseline
78.9,0.0,9.0,596.0,3.0,baseline_browsing_20260801_174650,baseline
30.8,0.0,13.0,167.0,4.0,baseline_browsing_20260801_174650,baseline
7.5,0.0,9.0,48.0,3.0,baseline_browsing_20260801_174650,baseline
7.4,0.0,8.0,48.0,4.0,baseline_browsing_20260801_174650,baseline
66.9,0.0029895366218236174,12.0,578.0,3.0,baseline_dev_20260801_183119,baseline
5.9,0.0,4.0,48.0,3.0,baseline_dev_20260801_183119,baseline
79.6,0.04271356783919598,16.0,147.0,4.0,baseline_dev_20260801_183119,baseline
46.2,0.06926406926406926,8.0,62.0,3.0,baseline_dev_20260801_183119,baseline
47.4,0.06751054852320675,10.0,62.0,4.0,baseline_dev_20260801_183119,baseline
47.4,0.06751054852320675,11.0,62.0,4.0,baseline_dev_20260801_183119,baseline
47.2,0.06779661016949153,11.0,62.0,4.0,baseline_dev_20260801_183119,baseline
46.6,0.06866952789699571,9.0,62.0,4.0,baseline_dev_20260801_183119,baseline
47.1,0.06794055201698514,10.0,62.0,4.0,baseline_dev_20260801_183119,baseline
45.8,0.05240174672489083,24.0,84.0,5.0,baseline_dev_20260801_183119,baseline
50.2,0.06374501992031872,12.0,62.0,4.0,baseline_dev_20260801_183119,baseline
46.3,0.06911447084233262,9.0,62.0,4.0,baseline_dev_20260801_183119,baseline
47.0,0.06808510638297872,12.0,62.0,4.0,baseline_dev_20260801_183119,baseline
46.3,0.06911447084233262,8.0,62.0,4.0,baseline_dev_20260801_183119,baseline
27.0,0.05925925925925926,10.0,62.0,4.0,baseline_dev_20260801_183119,baseline
45.5,0.07032967032967033,7.0,62.0,4.0,baseline_dev_20260801_183119,baseline
46.7,0.06852248394004283,7.0,62.0,3.0,baseline_dev_20260801_183119,baseline
45.3,0.0706401766004415,6.0,62.0,3.0,baseline_dev_20260801_183119,baseline
46.3,0.06911447084233262,10.0,62.0,3.0,baseline_dev_20260801_183119,baseline
46.1,0.06941431670281996,7.0,62.0,3.0,baseline_dev_20260801_183119,baseline
46.3,0.06911447084233262,8.0,62.0,4.0,baseline_dev_20260801_183119,baseline
45.4,0.07048458149779736,7.0,62.0,3.0,baseline_dev_20260801_183119,baseline
46.7,0.06852248394004283,7.0,62.0,3.0,baseline_dev_20260801_183119,baseline
46.6,0.06866952789699571,8.0,62.0,4.0,baseline_dev_20260801_183119,baseline
46.7,0.06852248394004283,11.0,62.0,4.0,baseline_dev_20260801_183119,baseline
47.1,0.06794055201698514,9.0,62.0,4.0,baseline_dev_20260801_183119,baseline
47.0,0.06808510638297872,9.0,62.0,4.0,baseline_dev_20260801_183119,baseline
46.5,0.06881720430107527,9.0,62.0,4.0,baseline_dev_20260801_183119,baseline
47.0,0.06808510638297872,8.0,62.0,4.0,baseline_dev_20260801_183119,baseline
45.4,0.07048458149779736,7.0,62.0,3.0,baseline_dev_20260801_183119,baseline
46.3,0.06911447084233262,10.0,62.0,3.0,baseline_dev_20260801_183119,baseline
46.1,0.06941431670281996,7.0,62.0,3.0,baseline_dev_20260801_183119,baseline
47.1,0.06794055201698514,10.0,62.0,4.0,baseline_dev_20260801_183119,baseline
46.0,0.06956521739130435,9.0,62.0,4.0,baseline_dev_20260801_183119,baseline
46.7,0.06852248394004283,7.0,62.0,3.0,baseline_dev_20260801_183119,baseline
27.2,0.058823529411764705,10.0,62.0,3.0,baseline_dev_20260801_183119,baseline
46.3,0.06911447084233262,10.0,62.0,3.0,baseline_dev_20260801_183119,baseline
46.1,0.06941431670281996,7.0,62.0,3.0,baseline_dev_20260801_183119,baseline
46.2,0.06926406926406926,8.0,62.0,4.0,baseline_dev_20260801_183119,baseline
45.8,0.06986899563318777,9.0,62.0,3.0,baseline_dev_20260801_183119,baseline
47.1,0.06794055201698514,9.0,62.0,3.0,baseline_dev_20260801_183119,baseline
45.5,0.07032967032967033,8.0,62.0,3.0,baseline_dev_20260801_183119,baseline
46.2,0.06926406926406926,9.0,62.0,3.0,baseline_dev_20260801_183119,baseline
47.7,0.06708595387840671,9.0,62.0,3.0,baseline_dev_20260801_183119,baseline
46.5,0.06881720430107527,9.0,62.0,4.0,baseline_dev_20260801_183119,baseline
25.8,0.06201550387596899,8.0,62.0,4.0,baseline_dev_20260801_183119,baseline
46.8,0.06837606837606838,8.0,62.0,3.0,baseline_dev_20260801_183119,baseline
45.6,0.07017543859649122,7.0,62.0,3.0,baseline_dev_20260801_183119,baseline
48.5,0.06597938144329897,12.0,62.0,4.0,baseline_dev_20260801_183119,baseline
46.8,0.06837606837606838,8.0,62.0,4.0,baseline_dev_20260801_183119,baseline
46.9,0.06823027718550106,9.0,62.0,4.0,baseline_dev_20260801_183119,baseline
46.0,0.06956521739130435,8.0,62.0,3.0,baseline_dev_20260801_183119,baseline
46.7,0.06852248394004283,7.0,62.0,3.0,baseline_dev_20260801_183119,baseline
73.1,0.0506155950752394,15.0,133.0,4.0,baseline_dev_20260801_183119,baseline
46.6,0.06866952789699571,11.0,62.0,4.0,baseline_dev_20260801_183119,baseline
46.5,0.06881720430107527,10.0,62.0,4.0,baseline_dev_20260801_183119,baseline
46.8,0.06837606837606838,8.0,62.0,4.0,baseline_dev_20260801_183119,baseline
45.6,0.07017543859649122,8.0,62.0,4.0,baseline_dev_20260801_183119,baseline
47.1,0.06794055201698514,8.0,62.0,4.0,baseline_dev_20260801_183119,baseline
46.6,0.06866952789699571,8.0,62.0,4.0,baseline_dev_20260801_183119,baseline
47.0,0.06808510638297872,11.0,62.0,4.0,baseline_dev_20260801_183119,baseline
47.8,0.06694560669456066,9.0,62.0,4.0,baseline_dev_20260801_183119,baseline
47.9,0.06680584551148225,10.0,62.0,4.0,baseline_dev_20260801_183119,baseline
46.0,0.06956521739130435,8.0,62.0,4.0,baseline_dev_20260801_183119,baseline
46.8,0.06837606837606838,8.0,62.0,3.0,baseline_dev_20260801_183119,baseline
46.4,0.06896551724137931,8.0,62.0,3.0,baseline_dev_20260801_183119,baseline
47.3,0.06765327695560254,10.0,62.0,3.0,baseline_dev_20260801_183119,baseline
26.7,0.0599250936329588,10.0,62.0,4.0,baseline_dev_20260801_183119,baseline
47.2,0.06779661016949153,10.0,62.0,4.0,baseline_dev_20260801_183119,baseline
46.8,0.06837606837606838,11.0,62.0,4.0,baseline_dev_20260801_183119,baseline
47.1,0.06794055201698514,8.0,62.0,4.0,baseline_dev_20260801_183119,baseline
45.6,0.07017543859649122,8.0,62.0,3.0,baseline_dev_20260801_183119,baseline
46.9,0.06823027718550106,11.0,62.0,3.0,baseline_dev_20260801_183119,baseline
47.0,0.06808510638297872,9.0,62.0,3.0,baseline_dev_20260801_183119,baseline
46.2,0.06926406926406926,8.0,62.0,4.0,baseline_dev_20260801_183119,baseline
45.4,0.07048458149779736,7.0,62.0,3.0,baseline_dev_20260801_183119,baseline
46.7,0.06852248394004283,7.0,62.0,3.0,baseline_dev_20260801_183119,baseline
45.3,0.0706401766004415,6.0,62.0,3.0,baseline_dev_20260801_183119,baseline
46.3,0.06911447084233262,10.0,62.0,3.0,baseline_dev_20260801_183119,baseline
47.7,0.06708595387840671,8.0,62.0,3.0,baseline_dev_20260801_183119,baseline
46.4,0.06896551724137931,8.0,62.0,4.0,baseline_dev_20260801_183119,baseline
47.0,0.06808510638297872,8.0,62.0,3.0,baseline_dev_20260801_183119,baseline
47.1,0.06794055201698514,8.0,62.0,4.0,baseline_dev_20260801_183119,baseline
46.1,0.06941431670281996,7.0,62.0,3.0,baseline_dev_20260801_183119,baseline
46.2,0.06926406926406926,9.0,62.0,3.0,baseline_dev_20260801_183119,baseline
47.6,0.06722689075630252,8.0,62.0,3.0,baseline_dev_20260801_183119,baseline
48.0,0.06666666666666667,9.0,62.0,4.0,baseline_dev_20260801_183119,baseline
45.5,0.07032967032967033,8.0,62.0,3.0,baseline_dev_20260801_183119,baseline
50.4,0.06349206349206349,10.0,62.0,4.0,baseline_dev_20260801_183119,baseline
45.5,0.07032967032967033,6.0,62.0,4.0,baseline_dev_20260801_183119,baseline
47.0,0.06808510638297872,12.0,62.0,4.0,baseline_dev_20260801_183119,baseline
46.6,0.06866952789699571,9.0,62.0,4.0,baseline_dev_20260801_183119,baseline
47.6,0.06722689075630252,8.0,62.0,4.0,baseline_dev_20260801_183119,baseline
45.8,0.06986899563318777,9.0,62.0,4.0,baseline_dev_20260801_183119,baseline
48.0,0.06666666666666667,8.0,62.0,4.0,baseline_dev_20260801_183119,baseline
28.3,0.05653710247349823,9.0,62.0,4.0,baseline_dev_20260801_183119,baseline
6.1,0.0,7.0,48.0,3.0,baseline_dev_20260801_183119,baseline
5.9,0.0,4.0,48.0,3.0,baseline_dev_20260801_183119,baseline
5.9,0.0,5.0,48.0,3.0,baseline_dev_20260801_183119,baseline
25.1,0.03187250996015936,20.0,84.0,5.0,baseline_dev_20260801_183119,baseline
9.3,0.0,8.0,48.0,3.0,baseline_dev_20260801_183119,baseline
5.3,0.0,5.0,48.0,3.0,baseline_dev_20260801_183119,baseline
6.0,0.0,6.0,48.0,3.0,baseline_dev_20260801_183119,baseline
7.5,0.013333333333333334,6.0,48.0,3.0,baseline_dev_20260801_183119,baseline
7.1,0.0,5.0,48.0,3.0,baseline_dev_20260801_183119,baseline
103.9,0.0028873917228103944,10.0,739.0,4.0,baseline_dev_20260801_183119,baseline
168.1,0.011302795954788817,14.0,1444.0,6.0,baseline_dev_20260801_183119,baseline
8.1,0.024691358024691357,7.0,48.0,5.0,baseline_dev_20260801_183119,baseline
84.0,0.02023809523809524,15.0,648.0,5.0,baseline_dev_20260801_183119,baseline
644.3,0.0001552072016141549,9.0,6298.0,3.0,baseline_dev_20260801_183119,baseline
50.7,0.0631163708086785,10.0,62.0,4.0,baseline_dev_20260801_183119,baseline
26.9,0.05947955390334572,8.0,62.0,4.0,baseline_dev_20260801_183119,baseline
47.6,0.06722689075630252,8.0,62.0,4.0,baseline_dev_20260801_183119,baseline
46.6,0.06866952789699571,7.0,62.0,4.0,baseline_dev_20260801_183119,baseline
73.4,0.05040871934604905,18.0,133.0,4.0,baseline_dev_20260801_183119,baseline
47.4,0.06751054852320675,10.0,62.0,4.0,baseline_dev_20260801_183119,baseline
46.7,0.06852248394004283,9.0,62.0,4.0,baseline_dev_20260801_183119,baseline
46.2,0.06926406926406926,8.0,62.0,3.0,baseline_dev_20260801_183119,baseline
47.6,0.06722689075630252,8.0,62.0,4.0,baseline_dev_20260801_183119,baseline
47.0,0.06808510638297872,9.0,62.0,4.0,baseline_dev_20260801_183119,baseline
27.4,0.058394160583941604,11.0,62.0,4.0,baseline_dev_20260801_183119,baseline
47.2,0.06779661016949153,9.0,62.0,4.0,baseline_dev_20260801_183119,baseline
47.3,0.06765327695560254,10.0,62.0,4.0,baseline_dev_20260801_183119,baseline
45.7,0.0700218818380744,9.0,62.0,4.0,baseline_dev_20260801_183119,baseline
47.6,0.06722689075630252,8.0,62.0,4.0,baseline_dev_20260801_183119,baseline
48.0,0.06666666666666667,10.0,62.0,4.0,baseline_dev_20260801_183119,baseline
46.8,0.06837606837606838,11.0,62.0,4.0,baseline_dev_20260801_183119,baseline
46.7,0.06852248394004283,9.0,62.0,3.0,baseline_dev_20260801_183119,baseline
47.3,0.06765327695560254,11.0,62.0,4.0,baseline_dev_20260801_183119,baseline
45.8,0.06986899563318777,9.0,62.0,3.0,baseline_dev_20260801_183119,baseline
47.2,0.06779661016949153,8.0,62.0,4.0,baseline_dev_20260801_183119,baseline
45.4,0.07048458149779736,7.0,62.0,3.0,baseline_dev_20260801_183119,baseline
46.2,0.06926406926406926,9.0,62.0,3.0,baseline_dev_20260801_183119,baseline
46.2,0.06926406926406926,8.0,62.0,3.0,baseline_dev_20260801_183119,baseline
46.1,0.06941431670281996,8.0,62.0,3.0,baseline_dev_20260801_183119,baseline
45.4,0.07048458149779736,7.0,62.0,3.0,baseline_dev_20260801_183119,baseline
46.7,0.06852248394004283,7.0,62.0,3.0,baseline_dev_20260801_183119,baseline
45.4,0.07048458149779736,7.0,62.0,3.0,baseline_dev_20260801_183119,baseline
46.3,0.06911447084233262,10.0,62.0,3.0,baseline_dev_20260801_183119,baseline
46.2,0.06926406926406926,8.0,62.0,3.0,baseline_dev_20260801_183119,baseline
46.2,0.06926406926406926,8.0,62.0,3.0,baseline_dev_20260801_183119,baseline
47.8,0.06694560669456066,8.0,62.0,4.0,baseline_dev_20260801_183119,baseline
47.4,0.06751054852320675,9.0,62.0,4.0,baseline_dev_20260801_183119,baseline
45.3,0.0706401766004415,6.0,62.0,3.0,baseline_dev_20260801_183119,baseline
46.4,0.06896551724137931,11.0,62.0,3.0,baseline_dev_20260801_183119,baseline
46.7,0.06852248394004283,8.0,62.0,3.0,baseline_dev_20260801_183119,baseline
48.5,0.06597938144329897,10.0,62.0,4.0,baseline_dev_20260801_183119,baseline
47.0,0.06808510638297872,9.0,62.0,4.0,baseline_dev_20260801_183119,baseline
47.3,0.06765327695560254,8.0,62.0,4.0,baseline_dev_20260801_183119,baseline
45.9,0.06971677559912855,8.0,62.0,3.0,baseline_dev_20260801_183119,baseline
46.5,0.06881720430107527,11.0,62.0,4.0,baseline_dev_20260801_183119,baseline
46.2,0.06926406926406926,8.0,62.0,3.0,baseline_dev_20260801_183119,baseline
46.7,0.06852248394004283,9.0,62.0,4.0,baseline_dev_20260801_183119,baseline
27.7,0.05776173285198556,9.0,62.0,4.0,baseline_dev_20260801_183119,baseline
64.0,0.040625,36.0,205.0,5.0,baseline_dev_20260801_183119,baseline
46.5,0.06881720430107527,8.0,62.0,3.0,baseline_dev_20260801_183119,baseline
46.3,0.06911447084233262,10.0,62.0,3.0,baseline_dev_20260801_183119,baseline
46.7,0.06852248394004283,8.0,62.0,4.0,baseline_dev_20260801_183119,baseline
46.5,0.06881720430107527,8.0,62.0,4.0,baseline_dev_20260801_183119,baseline
45.9,0.06971677559912855,10.0,62.0,3.0,baseline_dev_20260801_183119,baseline
49.4,0.06477732793522267,11.0,62.0,4.0,baseline_dev_20260801_183119,baseline
45.6,0.07017543859649122,7.0,62.0,4.0,baseline_dev_20260801_183119,baseline
47.0,0.06808510638297872,11.0,62.0,4.0,baseline_dev_20260801_183119,baseline
46.4,0.06896551724137931,8.0,62.0,4.0,baseline_dev_20260801_183119,baseline
48.2,0.06639004149377593,10.0,62.0,4.0,baseline_dev_20260801_183119,baseline
46.3,0.06911447084233262,10.0,62.0,4.0,baseline_dev_20260801_183119,baseline
27.2,0.058823529411764705,8.0,62.0,4.0,baseline_dev_20260801_183119,baseline
47.1,0.06794055201698514,8.0,62.0,4.0,baseline_dev_20260801_183119,baseline
46.9,0.06823027718550106,11.0,62.0,4.0,baseline_dev_20260801_183119,baseline
46.5,0.06881720430107527,8.0,62.0,4.0,baseline_dev_20260801_183119,baseline
47.8,0.06694560669456066,11.0,62.0,4.0,baseline_dev_20260801_183119,baseline
46.4,0.06896551724137931,8.0,62.0,4.0,baseline_dev_20260801_183119,baseline
47.4,0.06751054852320675,7.0,62.0,4.0,baseline_dev_20260801_183119,baseline
73.1,0.0506155950752394,16.0,133.0,4.0,baseline_dev_20260801_183119,baseline
46.7,0.06852248394004283,12.0,62.0,4.0,baseline_dev_20260801_183119,baseline
46.1,0.06941431670281996,7.0,62.0,3.0,baseline_dev_20260801_183119,baseline
46.6,0.06866952789699571,9.0,62.0,3.0,baseline_dev_20260801_183119,baseline
47.5,0.06736842105263158,9.0,62.0,4.0,baseline_dev_20260801_183119,baseline
7.5,0.0,6.0,48.0,3.0,baseline_dev_20260801_183119,baseline
23.8,0.025210084033613446,11.0,124.0,3.0,baseline_dev_20260801_183119,baseline
21.7,0.0,7.0,156.0,3.0,baseline_idle_20260801_155356,baseline
13.3,0.0,6.0,60.0,3.0,baseline_idle_20260801_155356,baseline
5.8,0.0,4.0,48.0,3.0,baseline_idle_20260801_155356,baseline
6.3,0.0,7.0,48.0,3.0,baseline_idle_20260801_155356,baseline
6.1,0.0,6.0,48.0,3.0,baseline_idle_20260801_155356,baseline
5.8,0.0,5.0,48.0,3.0,baseline_idle_20260801_155356,baseline
5.3,0.0,5.0,48.0,3.0,baseline_idle_20260801_155356,baseline
6.5,0.0,4.0,48.0,3.0,baseline_idle_20260801_155356,baseline
5.2,0.0,4.0,48.0,3.0,baseline_idle_20260801_155356,baseline
6.0,0.0,6.0,48.0,3.0,baseline_idle_20260801_155356,baseline
5.9,0.0,4.0,48.0,3.0,baseline_idle_20260801_155356,baseline
5.9,0.0,5.0,48.0,3.0,baseline_idle_20260801_155356,baseline
5.2,0.0,4.0,48.0,3.0,baseline_idle_20260801_155356,baseline
6.7,0.0,5.0,48.0,3.0,baseline_idle_20260801_155356,baseline
6.2,0.0,5.0,48.0,3.0,baseline_idle_20260801_155356,baseline
6.1,0.0,7.0,48.0,3.0,baseline_idle_20260801_155356,baseline
5.9,0.0,4.0,48.0,3.0,baseline_idle_20260801_155356,baseline
6.4,0.0,7.0,48.0,3.0,baseline_idle_20260801_155356,baseline
5.5,0.0,6.0,48.0,3.0,baseline_idle_20260801_155356,baseline
6.6,0.0,5.0,48.0,3.0,baseline_idle_20260801_155356,baseline
5.1,0.0,3.0,48.0,3.0,baseline_idle_20260801_155356,baseline
6.0,0.0,6.0,48.0,3.0,baseline_idle_20260801_155356,baseline
6.3,0.0,6.0,48.0,3.0,baseline_idle_20260801_155356,baseline
5.9,0.0,5.0,48.0,3.0,baseline_idle_20260801_155356,baseline
6.1,0.0,5.0,42.0,3.0,baseline_idle_20260801_155356,baseline
7.1,0.0,4.0,54.0,3.0,baseline_idle_20260801_155356,baseline
4.5,0.0,3.0,42.0,3.0,baseline_idle_20260801_155356,baseline
6.2,0.0,7.0,49.0,3.0,baseline_idle_20260801_155356,baseline
6.5,0.0,5.0,53.0,3.0,baseline_idle_20260801_155356,baseline
5.9,0.0,5.0,48.0,3.0,baseline_idle_20260801_155356,baseline
5.2,0.0,4.0,48.0,3.0,baseline_idle_20260801_155356,baseline
6.6,0.0,5.0,48.0,3.0,baseline_idle_20260801_155356,baseline
4.5,0.0,3.0,42.0,3.0,baseline_idle_20260801_155356,baseline
6.6,0.0,6.0,54.0,3.0,baseline_idle_20260801_155356,baseline
5.4,0.0,5.0,42.0,3.0,baseline_idle_20260801_155356,baseline
5.9,0.0,5.0,48.0,3.0,baseline_idle_20260801_155356,baseline
5.3,0.0,5.0,48.0,3.0,baseline_idle_20260801_155356,baseline
6.5,0.0,4.0,48.0,3.0,baseline_idle_20260801_155356,baseline
5.1,0.0,3.0,48.0,3.0,baseline_idle_20260801_155356,baseline
6.0,0.0,6.0,48.0,3.0,baseline_idle_20260801_155356,baseline
32.6,0.015337423312883436,12.0,133.0,3.0,baseline_idle_20260801_155356,baseline
5.7,0.0,4.0,48.0,3.0,baseline_idle_20260801_155356,baseline
5.2,0.0,4.0,48.0,3.0,baseline_idle_20260801_155356,baseline
26.5,0.03018867924528302,18.0,84.0,5.0,baseline_idle_20260801_155356,baseline
8.6,0.0,6.0,48.0,3.0,baseline_idle_20260801_155356,baseline
5.7,0.0,8.0,43.0,3.0,baseline_idle_20260801_155356,baseline
6.4,0.0,4.0,53.0,3.0,baseline_idle_20260801_155356,baseline
6.3,0.0,8.0,48.0,3.0,baseline_idle_20260801_155356,baseline
5.6,0.0,7.0,48.0,3.0,baseline_idle_20260801_155356,baseline
6.2,0.0,6.0,43.0,3.0,baseline_idle_20260801_155356,baseline
5.2,0.0,3.0,49.0,3.0,baseline_idle_20260801_155356,baseline
6.4,0.0,6.0,52.0,3.0,baseline_idle_20260801_155356,baseline
5.9,0.0,4.0,48.0,3.0,baseline_idle_20260801_155356,baseline
5.9,0.0,5.0,48.0,3.0,baseline_idle_20260801_155356,baseline
5.3,0.0,5.0,48.0,3.0,baseline_idle_20260801_155356,baseline
6.5,0.0,4.0,48.0,3.0,baseline_idle_20260801_155356,baseline
5.1,0.0,3.0,48.0,3.0,baseline_idle_20260801_155356,baseline
5.6,0.0,6.0,44.0,3.0,baseline_idle_20260801_155356,baseline
7.8,0.0,6.0,52.0,3.0,baseline_idle_20260801_155356,baseline
6.0,0.0,5.0,48.0,3.0,baseline_idle_20260801_155356,baseline
4.6,0.0,4.0,42.0,3.0,baseline_idle_20260801_155356,baseline
7.5,0.0,4.0,54.0,3.0,baseline_idle_20260801_155356,baseline
5.5,0.0,4.0,43.0,3.0,baseline_idle_20260801_155356,baseline
6.6,0.0,7.0,53.0,3.0,baseline_idle_20260801_155356,baseline
6.0,0.0,5.0,48.0,3.0,baseline_idle_20260801_155356,baseline
5.9,0.0,5.0,48.0,3.0,baseline_idle_20260801_155356,baseline
5.2,0.0,4.0,48.0,3.0,baseline_idle_20260801_155356,baseline
6.5,0.0,4.0,48.0,3.0,baseline_idle_20260801_155356,baseline
5.3,0.0,5.0,48.0,3.0,baseline_idle_20260801_155356,baseline
5.5,0.0,6.0,43.0,3.0,baseline_idle_20260801_155356,baseline
6.5,0.0,5.0,53.0,3.0,baseline_idle_20260801_155356,baseline
5.8,0.0,5.0,48.0,3.0,baseline_idle_20260801_155356,baseline
5.3,0.0,5.0,48.0,3.0,baseline_idle_20260801_155356,baseline
6.6,0.0,5.0,48.0,3.0,baseline_idle_20260801_155356,baseline
7.2,0.0,5.0,48.0,3.0,baseline_idle_20260801_155356,baseline
6.0,0.0,6.0,48.0,3.0,baseline_idle_20260801_155356,baseline
5.9,0.0,4.0,48.0,3.0,baseline_idle_20260801_155356,baseline
6.3,0.0,7.0,48.0,3.0,baseline_idle_20260801_155356,baseline
5.6,0.0,7.0,48.0,3.0,baseline_idle_20260801_155356,baseline
6.6,0.0,5.0,48.0,3.0,baseline_idle_20260801_155356,baseline
5.1,0.0,3.0,48.0,3.0,baseline_idle_20260801_155356,baseline
6.1,0.0,7.0,48.0,3.0,baseline_idle_20260801_155356,baseline
5.9,0.0,4.0,48.0,3.0,baseline_idle_20260801_155356,baseline
5.9,0.0,5.0,48.0,3.0,baseline_idle_20260801_155356,baseline
5.2,0.0,4.0,48.0,3.0,baseline_idle_20260801_155356,baseline
6.5,0.0,4.0,48.0,3.0,baseline_idle_20260801_155356,baseline
5.2,0.0,4.0,48.0,3.0,baseline_idle_20260801_155356,baseline
5.4,0.0,6.0,42.0,3.0,baseline_idle_20260801_155356,baseline
6.5,0.0,4.0,54.0,3.0,baseline_idle_20260801_155356,baseline
6.1,0.0,5.0,48.0,3.0,baseline_idle_20260801_155356,baseline
5.2,0.0,4.0,48.0,3.0,baseline_idle_20260801_155356,baseline
6.0,0.0,5.0,42.0,3.0,baseline_idle_20260801_155356,baseline
5.1,0.0,3.0,48.0,3.0,baseline_idle_20260801_155356,baseline
6.0,0.0,6.0,48.0,3.0,baseline_idle_20260801_155356,baseline
6.0,0.0,5.0,48.0,3.0,baseline_idle_20260801_155356,baseline
5.9,0.0,5.0,48.0,3.0,baseline_idle_20260801_155356,baseline
5.2,0.0,4.0,48.0,3.0,baseline_idle_20260801_155356,baseline
6.5,0.0,4.0,48.0,3.0,baseline_idle_20260801_155356,baseline
5.1,0.0,3.0,48.0,3.0,baseline_idle_20260801_155356,baseline
6.0,0.0,6.0,48.0,3.0,baseline_idle_20260801_155356,baseline
